sample_id,category
0,1
1,1
2,1
3,0
4,1
5,0
6,0
7,0
8,1
9,1
10,0
11,1
12,0
13,0
14,0
15,1
16,0
17,0
18,1
19,0
20,0
21,1
22,0
23,1
24,0
25,0
26,1
27,0
28,1
29,1
30,1
31,1
32,0
33,0
34,0
35,1
36,1
37,0
38,0
39,1
40,1
41,1
42,1
43,1
44,1
45,1
46,1
47,0
48,0
49,1
50,0
51,1
52,0
53,0
54,1
55,0
56,1
57,0
58,0
59,0
60,0
61,0
62,0
63,0
64,1
65,1
66,0
67,1
68,0
69,0
70,0
71,1
72,1
73,0
74,1
75,1
76,0
77,0
78,0
79,1
80,1
81,0
82,0
83,0
84,0
85,0
86,0
87,0
88,1
89,1
90,1
91,1
92,1
93,0
94,1
95,1
96,1
97,1
98,0
99,1
100,0
101,0
102,0
103,1
104,0
105,1
106,0
107,1
108,0
109,1
110,0
111,0
112,1
113,0
114,0
115,0
116,0
117,0
118,1
119,0
120,0
121,1
122,1
123,0
124,0
125,0
126,1
127,1
128,1
129,0
130,0
131,1
132,1
133,1
134,0
135,0
136,0
137,1
138,0
139,1
140,1
141,1
142,0
143,0
144,0
145,0
146,1
147,0
148,0
149,1
150,0
151,1
152,1
153,0
154,1
155,1
156,0
157,1
158,0
159,0
160,0
161,0
162,0
163,1
164,0
165,0
166,1
167,0
168,1
169,0
170,0
171,1
172,1
173,0
174,0
175,0
176,0
177,0
178,1
179,0
180,1
181,1
182,0
183,1
184,0
185,0
186,0
187,0
188,0
189,0
190,0
191,1
192,0
193,0
194,0
195,0
196,1
197,1
198,1
199,1
200,0
201,1
202,1
203,1
204,1
205,0
206,1
207,1
208,0
209,0
210,1
211,0
212,0
213,1
214,0
215,0
216,0
217,1
218,0
219,0
220,1
221,1
222,0
223,0
224,1
225,0
226,0
227,0
228,1
229,0
230,0
231,1
232,0
233,0
234,1
235,1
236,1
237,0
238,1
239,0
240,0
241,1
242,1
243,0
244,0
245,0
246,0
247,0
248,0
249,0
250,1
251,1
252,0
253,1
254,1
255,1
256,1
257,0
258,1
259,1
260,0
261,1
262,0
263,1
264,1
265,0
266,1
267,1
268,1
269,0
270,0
271,1
272,1
273,0
274,0
275,0
276,0
277,1
278,1
279,0
280,1
281,1
282,1
283,1
284,0
285,0
286,1
287,0
288,0
289,1
290,0
291,0
292,0
293,1
294,0
295,0
296,0
297,1
298,0
299,1
300,0
301,0
302,0
303,0
304,0
305,0
306,1
307,0
308,1
309,1
310,1
311,1
312,1
313,1
314,1
315,1
316,0
317,0
318,1
319,0
320,1
321,1
322,1
323,1
324,0
325,1
326,0
327,0
328,1
329,1
330,1
331,0
332,0
333,0
334,1
335,1
336,1
337,1
338,1
339,0
340,0
341,0
342,0
343,0
344,1
345,0
346,0
347,0
348,1
349,0
350,1
351,0
352,1
353,0
354,0
355,0
356,1
357,1
358,0
359,1
360,0
361,1
362,1
363,0
364,1
365,0
366,1
367,1
368,1
369,1
370,1
371,0
372,0
373,0
374,0
375,1
376,0
377,1
378,1
379,0
380,0
381,0
382,0
383,1
384,1
385,0
386,1
387,0
388,0
389,0
390,1
391,1
392,1
393,1
394,0
395,0
396,1
397,1
398,1
399,1
400,1
401,1
402,1
403,0
404,1
405,0
406,0
407,0
408,1
409,0
410,1
411,0
412,1
413,0
414,1
415,0
416,0
417,0
418,1
419,1
420,1
421,0
422,1
423,1
424,0
425,0
426,1
427,1
428,1
429,1
430,1
431,0
432,1
433,0
434,1
435,1
436,1
437,0
438,1
439,0
440,0
441,1
442,0
443,1
444,0
445,0
446,1
447,1
448,1
449,0
450,1
451,0
452,1
453,0
454,1
455,0
456,0
457,1
458,0
459,1
460,0
461,1
462,0
463,0
464,0
465,0
466,0
467,1
468,0
469,1
470,0
471,0
472,1
473,0
474,0
475,1
476,1
477,1
478,1
479,0
480,0
481,0
482,0
483,1
484,0
485,0
486,0
487,1
488,0
489,1
490,0
491,0
492,1
493,1
494,1
495,1
496,1
497,0
498,1
499,1
